customer_id,first_name,last_name,gender,age,signup_date,region,age_group
C0000,Patrick,Morgan,Male,18,2025-11-07,South,Young
C0001,Eric,Lee,Other,36,2021-05-11,East,Adult
C0002,Thomas,Pena,Female,44,2022-07-03,East,Middle Age
C0003,Dalton,Duran,Male,24,2021-05-11,South,Young
C0004,Travis,Mcclain,Male,50,2021-05-11,South,Middle Age
C0005,Brian,Kelley,Male,68,2021-05-11,North,Senior
C0006,Alyssa,Sandoval,Female,47,2025-08-02,North,Middle Age
C0007,Theresa,Wright,Male,70,2023-08-12,South,Senior
C0008,Alyssa,Estrada,Male,48,2021-05-11,East,Middle Age
C0009,Karen,Clark,Female,62,2021-05-11,East,Senior
C0010,Christina,Scott,Male,70,2022-04-06,West,Senior
C0011,John,Franklin,Other,51,2021-05-11,East,Middle Age
C0012,Jerome,Jones,Male,63,2021-06-06,East,Senior
C0013,Richard,Barnes,Male,65,2021-05-11,North,Senior
C0014,Anna,Bennett,Male,26,2021-05-11,South,Adult
C0015,Anne,Greer,Other,32,2021-05-11,East,Adult
C0016,Sabrina,Carey,Male,31,2021-05-11,South,Adult
C0017,Crystal,Adkins,Male,45,2021-05-11,North,Middle Age
C0018,Amanda,Riley,Male,19,2021-05-11,West,Young
C0019,Jose,Arellano,Female,20,2021-05-11,South,Young
C0020,Michelle,Adkins,Male,20,2021-05-11,North,Young
C0021,Courtney,Roth,Female,25,2021-05-11,East,Young
C0022,John,Le,Male,22,2021-05-11,East,Young
C0023,Patricia,Stephens,Other,44,2021-05-11,North,Middle Age
C0024,Amber,Higgins,Male,56,2021-05-11,South,Middle Age
C0025,Sharon,Montes,Other,30,2021-05-11,South,Adult
C0026,Vincent,Henry,Other,40,2021-05-11,North,Adult
C0027,Ray,Ross,Male,27,2021-05-11,East,Adult
C0028,Kylie,Long,Other,40,2021-05-11,East,Adult
C0029,Nancy,Murphy,Male,50,2021-05-11,South,Middle Age
C0030,Craig,Matthews,Other,54,2023-06-05,North,Middle Age
C0031,Melanie,Patterson,Male,70,2021-05-11,North,Senior
C0032,John,Frazier,Other,31,2022-01-07,South,Adult
C0033,Charles,Jones,Female,28,2021-05-11,North,Adult
C0034,Shawn,Hall,Other,24,2021-05-11,South,Young
C0035,James,Small,Other,63,2021-05-11,West,Senior
C0036,Anthony,Williams,Female,44,2021-05-11,South,Middle Age
C0037,John,Silva,Female,61,2025-09-05,North,Senior
C0038,Jamie,Hopkins,Male,40,2021-05-11,West,Adult
C0039,Jonathan,Brown,Female,31,2021-05-11,South,Adult
C0040,Jason,Lee,Female,25,2021-05-11,East,Young
C0041,Jonathan,Kennedy,Male,47,2021-05-11,North,Middle Age
C0042,Sherry,Torres,Other,26,2021-05-11,West,Adult
C0043,Kevin,Chavez,Female,63,2021-05-11,East,Senior
C0044,Bryan,Pollard,Other,64,2021-05-11,North,Senior
C0045,Allison,Pratt,Male,38,2021-05-11,West,Adult
C0046,Edward,Green,Male,42,2022-04-07,East,Middle Age
C0047,Michael,Brewer,Female,56,2025-12-11,East,Middle Age
C0048,Gregory,Ward,Other,46,2025-06-09,South,Middle Age
C0049,Robert,Manning,Other,44,2025-09-07,East,Middle Age
C0050,Robert,Wilcox,Female,30,2023-11-04,North,Adult
C0051,Kathy,Porter,Female,61,2021-05-11,East,Senior
C0052,Megan,Peterson,Male,18,2021-05-11,West,Young
C0053,Matthew,Watson,Other,24,2021-05-11,West,Young
C0054,Jorge,Jenkins,Female,51,2021-05-11,North,Middle Age
C0055,Carlos,Strickland,Male,44,2021-05-11,West,Middle Age
C0056,Dawn,Guzman,Female,62,2021-05-11,North,Senior
C0057,Jennifer,Medina,Other,28,2021-05-11,North,Adult
C0058,Taylor,Patterson,Female,30,2025-07-10,East,Adult
C0059,Alison,Berger,Male,56,2021-05-11,West,Middle Age
C0060,Todd,Boyd,Male,32,2023-06-09,West,Adult
C0061,Molly,Johnson,Other,49,2021-05-11,East,Middle Age
C0062,Debbie,Shaw,Other,67,2021-05-11,East,Senior
C0063,Barbara,Barnes,Other,43,2024-10-11,East,Middle Age
C0064,Bryan,Jones,Female,60,2022-12-11,West,Middle Age
C0065,Jessica,Lopez,Female,50,2021-05-11,East,Middle Age
C0066,Daniel,Whitaker,Male,67,2021-05-11,West,Senior
C0067,William,Singleton,Male,25,2021-05-11,East,Young
C0068,Debra,Powell,Female,49,2021-05-11,South,Middle Age
C0069,Kelli,Santana,Other,26,2021-05-11,North,Adult
C0070,Michelle,Mitchell,Male,65,2025-06-08,North,Senior
C0071,William,Williams,Male,49,2021-05-11,North,Middle Age
C0072,Michele,Walter,Male,42,2022-05-11,East,Middle Age
C0073,Virginia,Molina,Male,37,2021-05-11,North,Adult
C0074,Sierra,Santiago,Male,60,2021-05-11,West,Middle Age
C0075,Brian,Parker,Female,30,2023-10-11,East,Adult
C0076,Craig,Martinez,Other,49,2025-06-02,West,Middle Age
C0077,Donald,Mcdonald,Other,34,2021-05-11,East,Adult
C0078,Christine,Thompson,Other,52,2021-05-11,North,Middle Age
C0079,James,Rodriguez,Male,45,2021-05-11,North,Middle Age
C0080,Jill,Middleton,Female,46,2021-05-11,East,Middle Age
C0081,Brian,Martin,Female,46,2021-05-11,West,Middle Age
C0082,Christopher,Escobar,Male,20,2023-11-04,South,Young
C0083,Nicole,Kelly,Other,60,2021-05-11,East,Middle Age
C0084,Charles,Wallace,Other,28,2021-05-11,West,Adult
C0085,Cindy,Rios,Female,26,2021-05-11,East,Adult
C0086,Isaac,Ferrell,Other,42,2023-09-07,West,Middle Age
C0087,David,Fleming,Male,54,2021-05-11,West,Middle Age
C0088,Angelica,Brown,Other,53,2021-05-11,West,Middle Age
C0089,Mary,Barton,Female,53,2025-12-02,South,Middle Age
C0090,Jacob,Spencer,Other,21,2021-05-11,West,Young
C0091,Jamie,Chen,Female,49,2021-05-11,West,Middle Age
C0092,Beth,Flores,Other,61,2021-05-11,East,Senior
C0093,Arthur,Smith,Female,38,2024-01-10,North,Adult
C0094,Rebecca,Blankenship,Male,44,2021-05-11,North,Middle Age
C0095,Miguel,Anderson,Male,41,2023-05-08,East,Middle Age
C0096,Kathryn,Wright,Other,55,2021-05-11,North,Middle Age
C0097,Christopher,Ballard,Other,39,2022-07-06,West,Adult
C0098,Rachel,King,Male,45,2025-08-04,East,Middle Age
C0099,Toni,Garcia,Female,44,2021-05-11,East,Middle Age
C0100,Courtney,Banks,Male,60,2021-05-11,South,Middle Age
C0101,Harold,Anderson,Male,33,2025-09-02,East,Adult
C0102,Krista,Chung,Other,23,2021-05-11,North,Young
C0103,Oscar,Carr,Female,25,2022-12-03,East,Young
C0104,Mark,Carter,Male,19,2022-12-02,East,Young
C0105,Kim,Stone,Male,47,2021-03-08,West,Middle Age
C0106,Caitlin,Castillo,Other,50,2021-02-11,West,Middle Age
C0107,Rachel,Reynolds,Female,19,2025-09-06,West,Young
C0108,Amanda,Fitzgerald,Other,19,2023-06-06,East,Young
C0109,Tina,Holder,Female,54,2021-05-11,West,Middle Age
C0110,Natasha,Ellison,Female,54,2021-05-11,North,Middle Age
C0111,Kimberly,Curtis,Female,24,2021-05-11,South,Young
C0112,Zachary,Sanchez,Female,49,2025-01-03,East,Middle Age
C0113,Lauren,Conley,Male,57,2021-05-11,East,Middle Age
C0114,Heather,Adams,Female,45,2021-05-11,South,Middle Age
C0115,Shelby,Dougherty,Female,58,2021-05-11,North,Middle Age
C0116,Candice,Ingram,Other,31,2021-05-11,East,Adult
C0117,William,Williams,Female,21,2023-01-11,East,Young
C0118,Shawn,Mccormick,Other,43,2021-03-07,South,Middle Age
C0119,Jody,Scott,Other,65,2025-02-11,North,Senior
C0120,David,Chan,Other,55,2021-05-11,North,Middle Age
C0121,Kayla,Burke,Other,39,2025-02-01,East,Adult
C0122,Brandi,Mueller,Male,44,2021-05-11,West,Middle Age
C0123,Mary,Lee,Female,31,2021-05-11,East,Adult
C0124,Bobby,Higgins,Male,59,2022-03-09,East,Middle Age
C0125,Ashley,Obrien,Other,69,2021-05-11,East,Senior
C0126,Calvin,Reyes,Female,60,2022-09-06,East,Middle Age
C0127,Andrew,Price,Male,44,2022-10-06,West,Middle Age
C0128,Martin,Wilson,Female,57,2021-07-06,West,Middle Age
C0129,James,Rodriguez,Other,66,2021-05-11,South,Senior
C0130,Sarah,Cruz,Male,58,2021-05-11,South,Middle Age
C0131,Kathleen,Sutton,Other,49,2024-02-02,South,Middle Age
C0132,William,Moore,Other,70,2025-09-01,West,Senior
C0133,Phillip,White,Female,58,2024-02-10,West,Middle Age
C0134,Elizabeth,Brooks,Other,64,2021-05-11,North,Senior
C0135,Hector,Clarke,Other,30,2025-04-04,East,Adult
C0136,Thomas,Simmons,Female,27,2021-05-11,South,Adult
C0137,Willie,Gonzalez,Male,65,2021-05-11,East,Senior
C0138,April,Mann,Female,44,2021-05-11,East,Middle Age
C0139,Larry,Johnson,Male,58,2021-05-11,South,Middle Age
C0140,Amanda,Hicks,Female,35,2021-05-11,East,Adult
C0141,Jean,Joseph,Other,28,2021-05-11,East,Adult
C0142,William,Anthony,Other,56,2023-01-08,South,Middle Age
C0143,Collin,Lutz,Female,33,2021-05-11,North,Adult
C0144,Alicia,Baker,Male,30,2021-05-11,North,Adult
C0145,Richard,Murphy,Male,69,2021-05-11,East,Senior
C0146,Karen,Becker,Female,49,2022-12-11,West,Middle Age
C0147,Melissa,Suarez,Female,59,2021-05-11,North,Middle Age
C0148,Philip,Castillo,Male,28,2022-09-01,East,Adult
C0149,Susan,Bailey,Male,19,2021-05-11,East,Young
C0150,Jeremy,Jones,Female,60,2021-05-11,South,Middle Age
C0151,Christopher,Brown,Other,20,2021-05-11,West,Young
C0152,David,Huerta,Male,21,2021-05-11,North,Young
C0153,Teresa,Cochran,Female,56,2021-05-11,East,Middle Age
C0154,Joshua,Rice,Male,44,2021-05-11,East,Middle Age
C0155,Jennifer,Clark,Other,60,2023-02-01,North,Middle Age
C0156,Zachary,Johnson,Female,44,2021-05-11,South,Middle Age
C0157,Jeremy,Snyder,Male,25,2025-05-09,North,Young
C0158,Charles,Mcdonald,Other,60,2021-05-11,East,Middle Age
C0159,Chad,Chen,Female,23,2022-01-11,South,Young
C0160,Perry,Rice,Other,25,2021-05-11,East,Young
C0161,Max,Jenkins,Female,55,2021-05-11,West,Middle Age
C0162,Barbara,Young,Other,65,2021-05-11,South,Senior
C0163,Shannon,Garner,Female,31,2023-04-02,South,Adult
C0164,Debra,Dorsey,Male,29,2021-05-11,South,Adult
C0165,Jerry,Alexander,Female,46,2021-05-11,West,Middle Age
C0166,Christopher,Herrera,Female,55,2021-12-08,North,Middle Age
C0167,Matthew,Anthony,Female,52,2021-05-11,East,Middle Age
C0168,Gabriel,Jenkins,Other,25,2021-05-11,East,Young
C0169,Billy,Watts,Other,45,2022-07-12,West,Middle Age
C0170,Lisa,Brown,Other,33,2021-05-11,East,Adult
C0171,Doris,Collins,Male,41,2025-03-01,West,Middle Age
C0172,Ashley,Phillips,Other,41,2021-05-11,East,Middle Age
C0173,Nicole,Black,Male,59,2021-05-11,North,Middle Age
C0174,James,French,Other,60,2021-05-11,North,Middle Age
C0175,Ryan,Charles,Other,68,2021-05-11,South,Senior
C0176,Bradley,Galvan,Female,53,2021-05-11,West,Middle Age
C0177,Toni,Frye,Female,58,2023-09-01,East,Middle Age
C0178,Adam,Mueller,Other,25,2025-08-06,South,Young
C0179,Carol,Lara,Female,42,2022-03-10,North,Middle Age
C0180,Tammy,Brewer,Female,34,2021-05-11,East,Adult
C0181,Nancy,Hickman,Male,70,2021-05-11,South,Senior
C0182,Thomas,Blake,Female,31,2021-08-08,South,Adult
C0183,Carl,Villanueva,Female,58,2021-05-11,East,Middle Age
C0184,Deanna,Flynn,Other,44,2024-04-10,North,Middle Age
C0185,Richard,Morris,Female,23,2021-05-11,West,Young
C0186,Rebecca,Peterson,Female,65,2021-05-11,West,Senior
C0187,Sean,Macdonald,Female,63,2023-06-06,West,Senior
C0188,Brandi,Torres,Male,70,2024-12-03,South,Senior
C0189,Lauren,Liu,Other,34,2021-05-11,North,Adult
C0190,Linda,Humphrey,Female,44,2021-05-11,East,Middle Age
C0191,Jerry,Hardy,Female,62,2021-05-11,North,Senior
C0192,Reginald,Williams,Male,59,2021-05-11,South,Middle Age
C0193,Shelby,Henry,Other,44,2021-06-10,South,Middle Age
C0194,Nancy,Ward,Male,43,2022-12-04,South,Middle Age
C0195,William,Taylor,Other,37,2022-05-02,East,Adult
C0196,Holly,Martinez,Other,23,2023-07-04,North,Young
C0197,Tara,Byrd,Male,33,2021-05-11,South,Adult
C0198,Kelly,Coleman,Other,61,2021-01-06,West,Senior
C0199,Michele,Ellis,Female,46,2021-05-11,West,Middle Age
C0200,Anthony,Davis,Other,26,2021-01-09,East,Adult
C0201,Daniel,Wheeler,Male,61,2025-05-01,East,Senior
C0202,Katherine,Lamb,Female,30,2024-12-12,North,Adult
C0203,Levi,Bradford,Female,41,2021-05-11,South,Middle Age
C0204,Lance,James,Female,42,2021-05-11,South,Middle Age
C0205,Emily,Jackson,Male,19,2021-05-11,South,Young
C0206,Jason,Peters,Male,47,2024-03-12,South,Middle Age
C0207,Brian,Reyes,Female,62,2021-05-11,South,Senior
C0208,Samantha,Robinson,Male,43,2021-05-11,West,Middle Age
C0209,Kathy,Winters,Other,34,2022-12-02,South,Adult
C0210,Kyle,Dodson,Male,41,2021-05-11,South,Middle Age
C0211,Kristin,Cook,Other,25,2021-05-11,North,Young
C0212,Tyler,Hale,Other,51,2021-05-11,West,Middle Age
C0213,Kimberly,Barton,Female,70,2021-05-11,West,Senior
C0214,Michelle,Miller,Male,32,2021-05-11,South,Adult
C0215,Zachary,Fitzgerald,Male,70,2021-05-11,East,Senior
C0216,Alexis,Garcia,Female,65,2025-06-05,West,Senior
C0217,Kim,Vasquez,Female,26,2021-05-11,West,Adult
C0218,Jared,Turner,Male,56,2021-05-11,South,Middle Age
C0219,Justin,Young,Female,64,2025-11-12,South,Senior
C0220,Helen,Brown,Female,29,2021-05-11,West,Adult
C0221,Janice,Moore,Male,19,2021-05-11,East,Young
C0222,Melanie,Morales,Female,33,2024-05-07,West,Adult
C0223,Edward,Mueller,Male,41,2021-05-11,West,Middle Age
C0224,Laura,James,Male,18,2022-04-02,West,Young
C0225,Lisa,Gray,Male,38,2024-10-09,West,Adult
C0226,Robert,Sherman,Other,31,2025-09-09,West,Adult
C0227,Megan,Lopez,Other,45,2021-05-11,East,Middle Age
C0228,Jennifer,Rogers,Male,24,2021-05-11,North,Young
C0229,Jorge,Phillips,Male,39,2025-01-03,South,Adult
C0230,Mark,Lewis,Female,40,2025-10-08,North,Adult
C0231,Richard,Smith,Male,34,2021-05-11,West,Adult
C0232,Ronald,Howard,Female,43,2025-03-08,East,Middle Age
C0233,Joseph,Johnson,Male,53,2021-05-11,North,Middle Age
C0234,Ralph,Reid,Other,29,2021-05-11,East,Adult
C0235,George,Williams,Male,50,2023-10-04,West,Middle Age
C0236,Allison,Black,Female,47,2021-05-11,South,Middle Age
C0237,Dennis,Dixon,Male,38,2025-09-02,West,Adult
C0238,Joseph,Mathis,Male,34,2021-05-11,North,Adult
C0239,Laura,Mccann,Female,20,2023-11-06,South,Young
C0240,Shane,Aguirre,Female,35,2021-05-11,East,Adult
C0241,Frederick,Fischer,Female,36,2021-05-11,East,Adult
C0242,David,Wilson,Other,66,2021-05-11,East,Senior
C0243,Kathy,Hughes,Other,44,2021-05-11,West,Middle Age
C0244,Scott,Moore,Male,38,2021-05-11,West,Adult
C0245,Steve,Hensley,Male,53,2021-11-06,West,Middle Age
C0246,Catherine,Williams,Male,30,2022-02-01,South,Adult
C0247,Karl,Watts,Male,32,2021-05-11,South,Adult
C0248,Madeline,Maddox,Male,48,2021-05-11,East,Middle Age
C0249,Ricky,Phillips,Male,63,2023-07-07,West,Senior
C0250,Wayne,Jones,Female,25,2021-05-11,West,Young
C0251,Jeffrey,Ferguson,Male,46,2024-03-12,East,Middle Age
C0252,Joshua,Morrow,Other,53,2021-05-11,West,Middle Age
C0253,Karina,White,Female,49,2024-10-02,North,Middle Age
C0254,Matthew,Wright,Other,27,2021-05-11,North,Adult
C0255,James,Hall,Female,23,2025-06-06,South,Young
C0256,John,Jones,Female,29,2021-05-11,South,Adult
C0257,Philip,Ramirez,Other,50,2021-05-11,East,Middle Age
C0258,Melinda,Fitzgerald,Other,60,2021-05-11,South,Middle Age
C0259,Sandra,Weeks,Other,18,2021-05-11,South,Young
C0260,Mikayla,Foster,Female,22,2021-05-11,South,Young
C0261,Nathan,Gonzalez,Female,61,2021-05-11,North,Senior
C0262,John,Combs,Female,19,2021-05-11,East,Young
C0263,Katherine,Bryant,Other,44,2021-05-11,North,Middle Age
C0264,Charles,King,Female,41,2023-04-02,North,Middle Age
C0265,Francisco,Kerr,Female,27,2021-05-11,North,Adult
C0266,Andrew,Scott,Male,47,2021-07-12,West,Middle Age
C0267,Timothy,Carroll,Female,58,2024-05-07,East,Middle Age
C0268,John,Gonzales,Other,60,2021-05-11,North,Middle Age
C0269,Debbie,Nguyen,Female,20,2021-05-11,West,Young
C0270,John,Lawson,Female,44,2025-01-09,South,Middle Age
C0271,Christine,Moore,Male,21,2021-05-11,East,Young
C0272,Sharon,Vasquez,Female,69,2021-05-11,North,Senior
C0273,Connie,Stark,Other,44,2021-05-11,West,Middle Age
C0274,Nancy,Ray,Male,43,2021-05-11,East,Middle Age
C0275,Evan,Ryan,Male,33,2021-05-11,West,Adult
C0276,Rachael,Mason,Male,19,2021-05-11,South,Young
C0277,Andrew,Martin,Male,42,2021-05-11,West,Middle Age
C0278,Mary,Ferguson,Female,59,2021-05-11,South,Middle Age
C0279,Phillip,Morse,Male,37,2021-05-11,West,Adult
C0280,Adam,Randall,Female,65,2021-05-11,East,Senior
C0281,April,Krause,Other,56,2021-05-11,South,Middle Age
C0282,Stephen,Vasquez,Female,60,2023-03-05,North,Middle Age
C0283,Jennifer,Ramirez,Female,50,2021-05-11,South,Middle Age
C0284,Stephen,Roberts,Female,44,2024-05-02,West,Middle Age
C0285,Kayla,Thompson,Female,35,2022-10-07,West,Adult
C0286,Kara,Stevens,Male,66,2021-05-11,West,Senior
C0287,Tiffany,Washington,Female,57,2021-05-11,South,Middle Age
C0288,Gregory,Pitts,Female,58,2021-05-11,West,Middle Age
C0289,Kevin,Obrien,Male,44,2021-05-11,East,Middle Age
C0290,Amy,Lee,Female,61,2024-10-09,South,Senior
C0291,Charlotte,May,Other,61,2021-05-11,South,Senior
C0292,Sara,Bowman,Female,51,2021-05-11,North,Middle Age
C0293,Willie,Mills,Female,47,2021-05-11,West,Middle Age
C0294,Devin,Tapia,Male,69,2025-10-03,West,Senior
C0295,Arthur,Perez,Female,27,2021-05-11,South,Adult
C0296,Catherine,Martin,Other,37,2025-07-09,South,Adult
C0297,Lynn,Baker,Other,45,2021-05-11,East,Middle Age
C0298,Martin,Murphy,Other,21,2022-01-05,North,Young
C0299,Joanna,Knight,Male,50,2021-05-11,North,Middle Age
C0300,Jorge,Gutierrez,Other,45,2021-05-11,West,Middle Age
C0301,Angela,Johnson,Male,47,2024-03-04,East,Middle Age
C0302,Deborah,Nunez,Female,34,2022-02-07,North,Adult
C0303,Michelle,Sawyer,Other,19,2021-05-11,North,Young
C0304,Paul,Dudley,Other,60,2025-01-04,West,Middle Age
C0305,Emily,Crawford,Male,68,2024-04-09,South,Senior
C0306,Nicole,Rivera,Female,20,2024-05-05,North,Young
C0307,Tammy,Smith,Female,63,2021-05-11,East,Senior
C0308,Sherri,Brown,Female,55,2023-09-07,West,Middle Age
C0309,Susan,Ramirez,Other,46,2021-05-11,East,Middle Age
C0310,David,Allen,Female,44,2022-12-12,South,Middle Age
C0311,Brenda,Stevenson,Male,29,2021-05-11,North,Adult
C0312,Tyler,Kim,Other,56,2021-05-11,East,Middle Age
C0313,Susan,Mitchell,Other,24,2021-05-11,West,Young
C0314,Andrea,Anderson,Other,19,2021-05-11,North,Young
C0315,Eileen,Wilson,Female,25,2021-05-11,North,Young
C0316,Kenneth,Clark,Male,59,2021-05-11,West,Middle Age
C0317,Gregory,Johnson,Female,62,2022-09-11,West,Senior
C0318,Joshua,Romero,Other,65,2025-01-03,West,Senior
C0319,Glenn,Simon,Female,57,2021-06-12,East,Middle Age
C0320,Anne,Martinez,Other,61,2023-04-03,West,Senior
C0321,Jerry,Hawkins,Female,23,2021-05-11,South,Young
C0322,Christina,Burgess,Male,18,2021-05-11,South,Young
C0323,Kelly,Jarvis,Male,70,2021-01-09,North,Senior
C0324,Timothy,Newman,Other,44,2025-08-11,North,Middle Age
C0325,Ariana,Knight,Male,48,2021-05-11,South,Middle Age
C0326,Shaun,Mack,Other,33,2021-05-11,West,Adult
C0327,Stephanie,Brooks,Other,68,2021-05-11,South,Senior
C0328,Brandy,Lewis,Male,37,2021-05-11,West,Adult
C0329,Melissa,Robles,Male,48,2021-05-11,West,Middle Age
C0330,Andrea,Sampson,Male,25,2022-07-02,South,Young
C0331,Darryl,Woodard,Male,65,2025-05-02,West,Senior
C0332,Steven,Gould,Female,48,2023-09-10,North,Middle Age
C0333,Laura,Morris,Female,55,2021-05-11,South,Middle Age
C0334,Karen,Williams,Male,44,2021-05-11,West,Middle Age
C0335,Joshua,Lester,Male,39,2021-05-11,North,Adult
C0336,Wesley,Riley,Male,58,2021-11-12,West,Middle Age
C0337,Kristen,Rich,Female,49,2025-07-02,East,Middle Age
C0338,James,James,Male,49,2021-05-11,West,Middle Age
C0339,Lori,Cruz,Female,50,2024-06-05,West,Middle Age
C0340,Kelly,Townsend,Male,63,2023-02-09,North,Senior
C0341,Eric,Wilson,Other,19,2024-12-04,West,Young
C0342,Kurt,Shannon,Other,38,2021-05-11,North,Adult
C0343,Maria,Berry,Female,59,2022-09-08,West,Middle Age
C0344,David,Ramirez,Female,25,2021-05-11,West,Young
C0345,Isaac,Booth,Other,59,2023-02-09,East,Middle Age
C0346,Jessica,Bradley,Female,62,2024-07-02,West,Senior
C0347,Rita,Porter,Male,44,2024-10-06,East,Middle Age
C0348,Jason,Higgins,Other,30,2024-03-04,West,Adult
C0349,Nicholas,Pruitt,Female,46,2021-05-11,South,Middle Age
C0350,Peter,Sutton,Other,32,2021-05-11,East,Adult
C0351,Ashley,Taylor,Other,63,2021-05-11,West,Senior
C0352,Renee,Weaver,Male,36,2021-05-11,West,Adult
C0353,Alyssa,Ruiz,Female,61,2022-08-01,East,Senior
C0354,Ariel,Hale,Female,69,2021-05-11,South,Senior
C0355,Zachary,Woods,Other,31,2023-10-05,East,Adult
C0356,Ryan,Hernandez,Other,65,2021-05-11,North,Senior
C0357,John,White,Other,48,2021-05-11,South,Middle Age
C0358,Karen,Jackson,Male,30,2023-03-06,South,Adult
C0359,Sierra,Dennis,Other,49,2021-05-11,North,Middle Age
C0360,Shannon,Campbell,Female,49,2021-05-11,East,Middle Age
C0361,Lisa,Howell,Male,31,2021-06-09,North,Adult
C0362,Traci,Nichols,Male,40,2023-04-02,East,Adult
C0363,Katherine,Walker,Female,61,2021-05-11,South,Senior
C0364,Amy,Woods,Male,70,2021-05-11,North,Senior
C0365,Zachary,Miller,Male,39,2021-05-11,West,Adult
C0366,Christopher,Guerrero,Male,57,2021-05-11,South,Middle Age
C0367,Jeffrey,Patterson,Male,53,2021-05-11,South,Middle Age
C0368,Natalie,Riley,Female,44,2021-05-11,East,Middle Age
C0369,Sean,Bryant,Female,67,2025-03-11,North,Senior
C0370,Amber,Bentley,Other,35,2021-05-11,South,Adult
C0371,Angela,Davis,Other,50,2021-05-11,North,Middle Age
C0372,Madison,Smith,Other,21,2021-05-11,West,Young
C0373,Melissa,Cole,Female,66,2021-10-10,North,Senior
C0374,David,Nunez,Male,68,2024-07-07,North,Senior
C0375,Leon,Bell,Other,20,2021-05-11,North,Young
C0376,William,Jones,Male,58,2021-05-11,North,Middle Age
C0377,Cassandra,Sharp,Male,41,2021-05-11,South,Middle Age
C0378,Christopher,Flores,Other,36,2021-05-11,West,Adult
C0379,Jesse,Anderson,Other,44,2024-12-05,North,Middle Age
C0380,Donald,Vang,Male,59,2023-06-03,East,Middle Age
C0381,Stephanie,Scott,Female,70,2021-05-11,South,Senior
C0382,Joshua,Johnson,Male,30,2021-05-11,West,Adult
C0383,Jonathan,Conley,Female,67,2021-05-11,North,Senior
C0384,Heather,Bradley,Male,69,2025-03-01,West,Senior
C0385,Terri,Simpson,Female,36,2021-05-11,South,Adult
C0386,Terry,Davis,Male,35,2024-12-03,East,Adult
C0387,Darren,Brown,Other,66,2024-09-09,West,Senior
C0388,Matthew,Miller,Female,58,2021-05-11,South,Middle Age
C0389,Crystal,Burgess,Male,66,2021-05-11,West,Senior
C0390,Rachel,Cordova,Male,26,2021-05-11,West,Adult
C0391,Doris,Brown,Female,44,2024-11-06,West,Middle Age
C0392,Christopher,Alvarez,Other,68,2023-11-10,East,Senior
C0393,Brandon,Cooper,Male,46,2021-05-11,South,Middle Age
C0394,Sarah,Larson,Male,63,2022-02-01,North,Senior
C0395,Theresa,Wang,Male,39,2021-05-11,East,Adult
C0396,Laura,Smith,Female,67,2025-10-03,South,Senior
C0397,Raymond,Taylor,Female,21,2021-05-11,West,Young
C0398,Paul,Pace,Male,60,2021-05-11,South,Middle Age
C0399,Christopher,Kennedy,Other,21,2021-06-12,East,Young
C0400,Jeremy,Fuller,Female,43,2022-10-05,East,Middle Age
C0401,Lance,Ferguson,Other,65,2021-05-11,East,Senior
C0402,Bianca,Hicks,Female,18,2025-07-10,East,Young
C0403,Gary,Hall,Other,57,2021-05-11,South,Middle Age
C0404,Juan,Sanchez,Other,43,2021-05-11,West,Middle Age
C0405,Sarah,Sharp,Other,31,2025-07-04,West,Adult
C0406,Heather,Allen,Other,40,2023-06-11,West,Adult
C0407,Megan,Stevens,Male,37,2022-02-07,North,Adult
C0408,Kristin,Roman,Male,52,2025-04-12,East,Middle Age
C0409,Bryan,Brown,Female,64,2023-11-06,South,Senior
C0410,Brandy,Morgan,Other,52,2021-11-04,East,Middle Age
C0411,Antonio,Luna,Male,23,2021-05-11,East,Young
C0412,Erik,Chen,Other,39,2023-06-01,South,Adult
C0413,Eddie,Shea,Male,19,2022-03-01,East,Young
C0414,Stacy,Anderson,Male,67,2021-05-11,East,Senior
C0415,Kaitlyn,Daniels,Other,45,2025-01-05,North,Middle Age
C0416,Erin,Ortega,Other,21,2023-12-03,East,Young
C0417,Donna,Adams,Female,58,2021-05-11,East,Middle Age
C0418,Jeffrey,Roberts,Male,21,2021-05-11,North,Young
C0419,Tracy,Shelton,Female,37,2021-05-11,North,Adult
C0420,Daniel,Farmer,Female,39,2021-05-11,South,Adult
C0421,William,Patterson,Other,55,2023-06-08,South,Middle Age
C0422,Cathy,Horn,Female,37,2021-05-11,East,Adult
C0423,Robert,Hayes,Other,68,2025-07-04,South,Senior
C0424,Christine,Mendoza,Other,42,2021-05-11,South,Middle Age
C0425,Laura,Mclean,Male,38,2021-05-11,South,Adult
C0426,Amy,Shaw,Female,47,2021-05-11,North,Middle Age
C0427,Jason,Foster,Male,63,2021-05-11,West,Senior
C0428,Kristin,Brown,Female,23,2021-05-11,North,Young
C0429,Tracy,Hall,Male,44,2022-02-06,South,Middle Age
C0430,Mandy,Rice,Female,31,2021-05-11,West,Adult
C0431,Walter,Duarte,Male,41,2021-05-11,West,Middle Age
C0432,Martha,Robles,Other,44,2021-05-11,West,Middle Age
C0433,James,George,Female,55,2025-10-04,West,Middle Age
C0434,Shane,Ryan,Other,45,2021-05-11,West,Middle Age
C0435,Samuel,Jones,Other,49,2021-05-11,West,Middle Age
C0436,Bradley,Hubbard,Male,27,2025-03-02,South,Adult
C0437,Karen,Johnson,Female,63,2023-03-08,West,Senior
C0438,Amy,Barrett,Male,63,2022-11-08,North,Senior
C0439,Jennifer,Mcdonald,Other,31,2022-07-07,West,Adult
C0440,Ann,Powers,Female,44,2024-04-02,South,Middle Age
C0441,Kimberly,Hughes,Other,41,2021-05-11,North,Middle Age
C0442,Donna,Romero,Other,44,2022-10-10,North,Middle Age
C0443,Cassandra,Thompson,Male,41,2021-05-11,East,Middle Age
C0444,Margaret,Price,Male,51,2021-05-11,South,Middle Age
C0445,John,Guerrero,Male,41,2021-05-11,East,Middle Age
C0446,Charles,Garcia,Female,37,2021-05-11,East,Adult
C0447,Anna,Roberts,Female,19,2021-05-11,South,Young
C0448,Roy,Ramirez,Male,68,2021-05-11,West,Senior
C0449,Jessica,White,Male,37,2021-05-11,East,Adult
C0450,Anthony,Montoya,Male,29,2021-05-11,West,Adult
C0451,David,Chandler,Male,25,2023-05-07,East,Young
C0452,Jennifer,Mcdonald,Male,20,2021-05-11,West,Young
C0453,Gary,Roberts,Female,44,2021-05-11,East,Middle Age
C0454,Gregory,Rivas,Other,46,2021-05-11,East,Middle Age
C0455,Jorge,Jackson,Female,48,2021-05-11,South,Middle Age
C0456,Anthony,Huff,Male,44,2024-12-04,West,Middle Age
C0457,Jimmy,Donaldson,Female,60,2024-03-03,West,Middle Age
C0458,Tonya,Meadows,Male,64,2021-05-11,East,Senior
C0459,John,Wagner,Male,44,2021-05-11,West,Middle Age
C0460,Dennis,Ramirez,Female,32,2021-05-11,West,Adult
C0461,Janet,Sanchez,Female,52,2021-05-11,North,Middle Age
C0462,Kelly,Spencer,Other,46,2021-05-11,East,Middle Age
C0463,Alan,Osborn,Other,23,2021-05-11,South,Young
C0464,Heather,Smith,Other,19,2024-10-08,East,Young
C0465,Nicole,Garcia,Other,59,2021-05-11,North,Middle Age
C0466,Randy,Le,Other,53,2021-05-11,North,Middle Age
C0467,Timothy,Combs,Male,57,2022-02-05,North,Middle Age
C0468,Kimberly,Robertson,Other,51,2024-09-01,South,Middle Age
C0469,Mary,Dalton,Female,50,2025-03-07,North,Middle Age
C0470,Charles,Gonzalez,Male,60,2021-05-11,South,Middle Age
C0471,Deanna,Pitts,Male,35,2024-04-06,South,Adult
C0472,Justin,Howard,Male,63,2021-05-11,West,Senior
C0473,Kathleen,Montoya,Male,69,2023-09-11,East,Senior
C0474,Jennifer,Allen,Female,55,2025-10-01,North,Middle Age
C0475,Joshua,Johnson,Female,19,2021-05-11,East,Young
C0476,John,Le,Female,29,2021-05-11,West,Adult
C0477,Mary,Martinez,Male,51,2021-05-11,East,Middle Age
C0478,James,Johnson,Female,34,2021-05-11,North,Adult
C0479,Mary,Farmer,Male,24,2021-05-11,South,Young
C0480,Matthew,Moore,Female,27,2021-05-11,South,Adult
C0481,Keith,Hayes,Female,67,2021-05-11,North,Senior
C0482,Jennifer,Ramsey,Male,37,2025-09-12,West,Adult
C0483,Alan,Webb,Other,28,2023-10-04,North,Adult
C0484,Deanna,Hall,Other,38,2021-05-11,South,Adult
C0485,David,Krause,Male,63,2021-05-11,North,Senior
C0486,Joseph,Leon,Female,42,2024-04-10,North,Middle Age
C0487,Danny,Camacho,Female,27,2021-05-11,West,Adult
C0488,Brent,Dickson,Female,34,2025-06-12,West,Adult
C0489,Paula,Washington,Male,44,2021-02-09,South,Middle Age
C0490,Joseph,Wright,Male,66,2021-05-11,South,Senior
C0491,Samuel,Conley,Female,50,2021-05-11,West,Middle Age
C0492,Scott,Parrish,Male,35,2021-05-11,North,Adult
C0493,Kimberly,Brown,Female,47,2021-05-11,West,Middle Age
C0494,Jessica,Cox,Male,48,2021-05-11,North,Middle Age
C0495,Victoria,Smith,Female,58,2021-05-11,South,Middle Age
C0496,Carrie,Ruiz,Male,35,2021-05-11,North,Adult
C0497,Holly,Deleon,Male,66,2025-04-08,South,Senior
C0498,Alexis,Martinez,Female,54,2023-12-11,West,Middle Age
C0499,Kristina,Manning,Female,23,2022-09-04,South,Young
C0500,Heather,Martinez,Male,41,2023-02-07,South,Middle Age
C0501,Sarah,Caldwell,Male,52,2021-10-09,West,Middle Age
C0502,Karina,Thompson,Other,46,2021-05-11,North,Middle Age
C0503,Pamela,Johnson,Male,70,2025-03-08,West,Senior
C0504,Melanie,Monroe,Other,36,2021-05-11,South,Adult
C0505,Jonathan,Chung,Male,21,2021-05-11,West,Young
C0506,Michael,Reese,Female,56,2021-05-11,East,Middle Age
C0507,Kyle,Beck,Other,42,2021-05-11,East,Middle Age
C0508,Joshua,Boyer,Other,31,2025-09-04,East,Adult
C0509,Dean,Taylor,Male,28,2021-05-11,North,Adult
C0510,Sergio,Garrett,Female,23,2021-05-11,West,Young
C0511,Robert,Chung,Other,25,2021-05-11,South,Young
C0512,Brian,Casey,Other,53,2022-08-03,East,Middle Age
C0513,Olivia,Jones,Female,31,2021-05-11,East,Adult
C0514,Joann,Gibson,Other,39,2021-05-11,East,Adult
C0515,Elizabeth,Alvarez,Other,46,2021-05-11,East,Middle Age
C0516,Nicholas,Kramer,Male,60,2021-05-11,East,Middle Age
C0517,Jonathan,Wilson,Female,31,2023-06-04,West,Adult
C0518,Nicholas,Fischer,Other,39,2021-05-11,North,Adult
C0519,Renee,Fletcher,Other,26,2021-05-11,North,Adult
C0520,Michael,Lee,Other,48,2021-05-11,North,Middle Age
C0521,Kyle,Smith,Male,61,2021-05-11,South,Senior
C0522,Cathy,Turner,Female,53,2023-06-08,West,Middle Age
C0523,Jessica,Villanueva,Female,52,2025-10-10,North,Middle Age
C0524,Diana,Jones,Other,59,2021-05-07,North,Middle Age
C0525,Lee,Booker,Other,19,2021-05-11,West,Young
C0526,Michael,Brown,Other,25,2022-09-08,East,Young
C0527,Ian,Carter,Female,44,2025-05-10,East,Middle Age
C0528,Mary,Jacobson,Female,29,2021-09-12,North,Adult
C0529,Veronica,Brooks,Male,47,2024-03-03,East,Middle Age
C0530,Jasmine,Smith,Male,46,2025-12-03,North,Middle Age
C0531,Samantha,Peters,Male,65,2025-10-10,North,Senior
C0532,Zachary,Bailey,Female,61,2021-05-11,East,Senior
C0533,Tyler,Martinez,Male,23,2021-05-11,East,Young
C0534,Shawn,Welch,Other,32,2021-05-11,South,Adult
C0535,Derrick,Lopez,Female,41,2021-05-11,North,Middle Age
C0536,Roy,Sanders,Female,49,2024-11-11,South,Middle Age
C0537,Daniel,Garrison,Male,30,2021-05-11,West,Adult
C0538,Christopher,Miller,Male,35,2023-01-01,West,Adult
C0539,Sherry,Williams,Male,53,2023-08-11,South,Middle Age
C0540,Jessica,Joseph,Other,65,2021-05-11,South,Senior
C0541,Janice,Butler,Male,55,2021-05-11,South,Middle Age
C0542,Julie,Simon,Other,22,2021-05-11,South,Young
C0543,Dylan,Russell,Female,54,2021-05-11,South,Middle Age
C0544,Adrian,Warner,Other,64,2021-05-11,East,Senior
C0545,Stephen,Jones,Male,61,2023-02-03,North,Senior
C0546,Paul,Thompson,Other,61,2021-05-11,East,Senior
C0547,Jay,Johnson,Other,53,2021-05-11,West,Middle Age
C0548,Bryce,Simmons,Male,45,2021-09-06,North,Middle Age
C0549,Mark,Porter,Female,45,2024-04-11,West,Middle Age
C0550,Kelly,Chaney,Female,25,2021-05-11,West,Young
C0551,Yvonne,Griffith,Female,41,2021-05-11,North,Middle Age
C0552,Tracy,Gonzalez,Other,32,2021-04-10,North,Adult
C0553,Laura,Rodriguez,Female,44,2021-05-11,West,Middle Age
C0554,Tiffany,Knapp,Female,18,2025-10-10,West,Young
C0555,Tony,Sosa,Male,39,2021-05-11,North,Adult
C0556,Summer,Price,Other,69,2024-06-09,North,Senior
C0557,Juan,Cantu,Other,32,2021-05-11,West,Adult
C0558,Lindsey,Gutierrez,Male,33,2025-11-08,South,Adult
C0559,Caroline,Castro,Male,39,2021-05-11,East,Adult
C0560,Anthony,Phillips,Male,58,2023-10-01,North,Middle Age
C0561,Alicia,Howe,Male,48,2022-08-01,West,Middle Age
C0562,John,Mckenzie,Male,55,2021-05-11,East,Middle Age
C0563,Amanda,Sampson,Female,33,2021-05-11,North,Adult
C0564,Jessica,Miller,Female,33,2021-05-11,East,Adult
C0565,Emily,Foster,Male,70,2025-08-09,East,Senior
C0566,Johnny,Chapman,Other,68,2021-05-11,South,Senior
C0567,Nicole,George,Male,67,2021-05-11,West,Senior
C0568,Nathan,Garcia,Male,58,2024-06-07,West,Middle Age
C0569,Timothy,Schultz,Other,25,2021-05-11,North,Young
C0570,Amy,Hess,Male,44,2021-05-11,West,Middle Age
C0571,Jessica,Ayers,Female,62,2021-05-11,North,Senior
C0572,Abigail,Adams,Male,21,2021-05-11,West,Young
C0573,Mary,Arnold,Male,37,2023-07-01,West,Adult
C0574,Anthony,Webb,Male,24,2021-05-11,North,Young
C0575,Paul,Hall,Other,21,2025-10-02,East,Young
C0576,Karen,Hernandez,Female,43,2021-05-11,North,Middle Age
C0577,Nancy,Buckley,Other,66,2021-05-11,West,Senior
C0578,Nathan,Snyder,Male,56,2021-05-11,North,Middle Age
C0579,Dana,Ho,Female,42,2021-05-11,West,Middle Age
C0580,Luke,Arnold,Female,57,2021-05-11,North,Middle Age
C0581,Perry,Hebert,Female,59,2021-05-11,North,Middle Age
C0582,William,Walters,Female,51,2024-04-06,East,Middle Age
C0583,John,Santana,Other,30,2021-05-11,North,Adult
C0584,Timothy,Levine,Male,18,2021-05-11,North,Young
C0585,Tony,Parker,Other,68,2021-05-11,South,Senior
C0586,Brandon,Macdonald,Other,26,2021-05-11,East,Adult
C0587,Ryan,Mullen,Female,44,2022-07-01,West,Middle Age
C0588,David,Johnson,Other,44,2021-05-11,West,Middle Age
C0589,Jose,Peterson,Male,33,2021-05-11,South,Adult
C0590,Patricia,Garcia,Male,21,2021-05-11,South,Young
C0591,Tina,Frank,Female,55,2021-11-04,West,Middle Age
C0592,Austin,Adams,Other,59,2021-05-11,East,Middle Age
C0593,Andrew,Cook,Female,55,2021-05-11,South,Middle Age
C0594,Ryan,Castro,Male,44,2021-05-11,East,Middle Age
C0595,Joshua,Shah,Other,39,2021-05-11,East,Adult
C0596,David,Carr,Female,18,2021-05-11,South,Young
C0597,Ariel,Sanchez,Male,33,2021-05-11,North,Adult
C0598,Morgan,Wagner,Female,40,2024-11-04,South,Adult
C0599,Daniel,Estes,Male,58,2021-05-11,South,Middle Age
C0600,Timothy,Cunningham,Male,39,2021-05-11,South,Adult
C0601,Melissa,Jefferson,Other,48,2021-02-07,West,Middle Age
C0602,Julie,Rodriguez,Other,62,2021-05-11,East,Senior
C0603,Michelle,Simpson,Other,54,2021-07-08,East,Middle Age
C0604,Juan,Allison,Other,37,2021-05-11,West,Adult
C0605,James,Mason,Female,28,2021-05-11,North,Adult
C0606,Paul,Dawson,Female,68,2021-05-11,North,Senior
C0607,Patrick,Fox,Female,32,2025-04-04,North,Adult
C0608,Timothy,Page,Other,44,2021-05-11,South,Middle Age
C0609,David,Sanford,Female,57,2021-05-11,South,Middle Age
C0610,Evelyn,Campbell,Male,48,2025-01-04,East,Middle Age
C0611,Daniel,Nelson,Other,44,2021-05-11,South,Middle Age
C0612,Alexandra,Bennett,Female,29,2021-05-11,North,Adult
C0613,Rachael,Curtis,Female,18,2021-05-11,North,Young
C0614,Heather,Barrera,Female,19,2021-05-11,North,Young
C0615,Nicole,Simmons,Male,36,2021-05-11,West,Adult
C0616,Linda,Hamilton,Male,58,2021-05-11,East,Middle Age
C0617,Bradley,Cox,Male,19,2023-03-10,South,Young
C0618,Jade,Blackwell,Male,36,2021-05-11,South,Adult
C0619,Wendy,Campbell,Male,44,2024-06-11,South,Middle Age
C0620,Keith,Moore,Female,53,2021-05-11,South,Middle Age
C0621,Anita,Richardson,Male,30,2021-05-11,North,Adult
C0622,Dylan,Rangel,Male,34,2021-05-11,North,Adult
C0623,Norma,Lopez,Male,61,2024-04-09,South,Senior
C0624,Alexandra,Hutchinson,Female,59,2021-05-11,North,Middle Age
C0625,Scott,Thomas,Female,31,2021-05-11,East,Adult
C0626,Samuel,Turner,Female,44,2021-05-11,East,Middle Age
C0627,John,Hamilton,Female,60,2021-05-11,South,Middle Age
C0628,Michael,Morrison,Other,69,2025-09-11,West,Senior
C0629,Natasha,Anderson,Other,22,2021-05-11,North,Young
C0630,James,Fischer,Male,26,2021-05-11,South,Adult
C0631,Kimberly,Woods,Male,52,2021-05-11,West,Middle Age
C0632,Lisa,Larsen,Other,41,2023-05-01,East,Middle Age
C0633,Sherry,Gilbert,Other,45,2021-05-11,South,Middle Age
C0634,Denise,Chandler,Male,66,2025-05-03,South,Senior
C0635,Dylan,Mitchell,Other,36,2021-05-11,South,Adult
C0636,Richard,Watson,Female,33,2021-05-11,North,Adult
C0637,Janet,Underwood,Other,68,2021-05-11,East,Senior
C0638,Sean,Sanchez,Male,50,2021-05-11,West,Middle Age
C0639,Jasmine,George,Male,64,2024-10-01,North,Senior
C0640,Melissa,Brown,Female,68,2021-05-11,North,Senior
C0641,Danielle,Mack,Male,50,2022-05-05,West,Middle Age
C0642,Heather,Ballard,Other,66,2024-10-08,East,Senior
C0643,Regina,Brown,Female,51,2021-05-11,West,Middle Age
C0644,Joshua,Walters,Male,38,2021-05-11,East,Adult
C0645,Kaitlyn,Williams,Other,44,2022-11-07,West,Middle Age
C0646,James,Morrow,Other,49,2023-04-03,West,Middle Age
C0647,Jacqueline,Garcia,Female,55,2021-05-11,West,Middle Age
C0648,Richard,Mosley,Other,68,2025-07-08,North,Senior
C0649,Nathan,Avila,Male,32,2024-09-07,South,Adult
C0650,Sandra,Martinez,Female,33,2021-05-11,West,Adult
C0651,Kevin,Kim,Male,37,2025-01-04,West,Adult
C0652,Misty,Oneal,Female,54,2025-05-09,South,Middle Age
C0653,Erik,Williams,Female,34,2023-11-11,North,Adult
C0654,Michael,Jefferson,Male,66,2024-02-04,North,Senior
C0655,David,Phillips,Female,44,2021-05-11,East,Middle Age
C0656,Hannah,Frazier,Male,55,2021-05-11,North,Middle Age
C0657,Richard,Martinez,Female,50,2021-05-11,East,Middle Age
C0658,Greg,Gonzalez,Female,46,2023-02-07,West,Middle Age
C0659,Johnny,Nunez,Female,44,2021-05-11,East,Middle Age
C0660,William,Miller,Female,38,2021-05-11,East,Adult
C0661,Kristin,Powell,Female,19,2022-04-10,South,Young
C0662,Jennifer,Reyes,Female,32,2025-05-04,East,Adult
C0663,Isaac,Watkins,Other,22,2021-05-11,East,Young
C0664,John,Sandoval,Male,36,2021-05-11,North,Adult
C0665,Luke,Santos,Female,32,2021-05-11,North,Adult
C0666,Nicole,Reynolds,Male,22,2025-08-03,East,Young
C0667,Mary,White,Male,52,2021-05-11,South,Middle Age
C0668,Jonathan,Marshall,Female,30,2021-05-11,East,Adult
C0669,Kyle,Reilly,Female,37,2021-05-11,East,Adult
C0670,Bryan,Turner,Male,63,2021-05-11,South,Senior
C0671,Andrew,Davis,Other,65,2024-10-05,East,Senior
C0672,Matthew,Good,Male,67,2021-05-06,East,Senior
C0673,Timothy,Moreno,Female,70,2021-05-11,East,Senior
C0674,Juan,Allen,Female,43,2021-05-11,North,Middle Age
C0675,Jamie,Le,Female,59,2021-05-11,South,Middle Age
C0676,Laura,Lewis,Female,32,2021-05-11,South,Adult
C0677,Ashley,Johnson,Other,65,2021-05-11,South,Senior
C0678,Audrey,Benson,Female,32,2024-09-07,West,Adult
C0679,Deanna,Kent,Other,70,2023-04-12,West,Senior
C0680,Daniel,Calderon,Female,68,2024-10-12,North,Senior
C0681,Shannon,Henry,Female,30,2021-05-11,West,Adult
C0682,Ashley,Black,Other,44,2025-08-05,South,Middle Age
C0683,Katherine,Saunders,Female,46,2021-05-11,North,Middle Age
C0684,Diana,Mccormick,Female,26,2021-05-11,South,Adult
C0685,Erika,Brown,Female,65,2021-05-11,North,Senior
C0686,Melissa,Cox,Female,69,2024-01-01,East,Senior
C0687,Mark,Chavez,Female,32,2021-05-11,West,Adult
C0688,Melinda,Stewart,Female,61,2021-05-11,West,Senior
C0689,Courtney,Cook,Other,52,2021-04-11,East,Middle Age
C0690,Justin,Chang,Female,55,2021-05-11,North,Middle Age
C0691,Matthew,Norman,Other,68,2021-05-11,North,Senior
C0692,Margaret,Rodriguez,Male,27,2021-05-11,East,Adult
C0693,Daniel,Hudson,Other,58,2021-05-11,West,Middle Age
C0694,Lorraine,Smith,Female,31,2024-05-06,West,Adult
C0695,Amy,Johnson,Male,52,2025-05-01,West,Middle Age
C0696,Stephen,Ross,Male,48,2021-05-11,North,Middle Age
C0697,Gregory,Harris,Female,54,2021-05-11,West,Middle Age
C0698,Charles,Gordon,Other,37,2025-09-09,North,Adult
C0699,Sydney,Smith,Male,24,2021-05-11,South,Young
C0700,Anthony,Reed,Male,70,2024-09-01,West,Senior
C0701,Jason,Mcneil,Male,29,2021-05-11,South,Adult
C0702,Nicholas,Williams,Male,42,2021-05-11,East,Middle Age
C0703,John,Buck,Male,32,2021-05-11,East,Adult
C0704,David,Avery,Other,51,2021-05-11,North,Middle Age
C0705,Felicia,Guerrero,Female,21,2021-05-11,East,Young
C0706,Madeline,Rodriguez,Other,44,2023-03-08,South,Middle Age
C0707,Sheila,Vaughn,Female,44,2021-05-11,West,Middle Age
C0708,Juan,Gross,Male,25,2021-05-11,South,Young
C0709,Kevin,Brown,Other,44,2021-05-11,West,Middle Age
C0710,David,Harris,Other,22,2021-05-11,West,Young
C0711,Alice,Ross,Male,26,2021-05-11,South,Adult
C0712,Allison,Combs,Female,45,2024-08-08,West,Middle Age
C0713,Vicki,Duncan,Male,56,2022-11-08,East,Middle Age
C0714,Patricia,Harvey,Other,30,2021-05-11,West,Adult
C0715,John,Phillips,Female,30,2022-03-08,North,Adult
C0716,David,Brown,Male,46,2021-05-07,North,Middle Age
C0717,Deborah,Castillo,Female,56,2021-05-11,South,Middle Age
C0718,Joseph,Williams,Other,39,2021-05-11,West,Adult
C0719,Michael,Kelly,Female,47,2021-05-11,North,Middle Age
C0720,Megan,Sims,Other,23,2023-09-08,East,Young
C0721,Elaine,Young,Other,47,2023-12-04,East,Middle Age
C0722,Olivia,Nelson,Other,63,2021-05-11,East,Senior
C0723,Mark,Franklin,Female,57,2021-05-11,South,Middle Age
C0724,Robert,Davis,Female,33,2025-02-03,South,Adult
C0725,Eric,Moore,Other,64,2024-06-03,West,Senior
C0726,Mark,Bond,Female,42,2021-05-11,South,Middle Age
C0727,Justin,Morris,Other,54,2021-05-11,North,Middle Age
C0728,Bradley,Gordon,Female,62,2021-05-11,North,Senior
C0729,Christopher,Morales,Male,28,2021-05-11,East,Adult
C0730,Gina,Wagner,Other,52,2022-01-03,East,Middle Age
C0731,Erin,Johnson,Other,22,2022-12-07,South,Young
C0732,Kimberly,Harrell,Female,44,2024-02-12,North,Middle Age
C0733,Jessica,Nelson,Female,22,2021-05-11,North,Young
C0734,Michelle,Lindsey,Other,67,2021-05-11,East,Senior
C0735,Kelly,Nelson,Female,46,2021-05-11,South,Middle Age
C0736,Matthew,Carr,Female,31,2022-03-03,North,Adult
C0737,Robert,Bennett,Female,19,2021-05-11,North,Young
C0738,Danny,Salas,Other,62,2021-05-11,West,Senior
C0739,Mariah,Mercer,Female,39,2021-05-11,West,Adult
C0740,John,Bush,Male,43,2021-05-11,North,Middle Age
C0741,Laura,Warren,Male,34,2021-05-11,North,Adult
C0742,Steven,Mata,Other,26,2022-12-06,East,Adult
C0743,Andrew,Rivera,Other,65,2023-07-02,West,Senior
C0744,Sara,Collins,Female,47,2025-07-04,North,Middle Age
C0745,Julie,Garcia,Male,53,2021-05-11,South,Middle Age
C0746,Tonya,Wilson,Other,46,2025-04-06,South,Middle Age
C0747,Richard,Harrison,Female,70,2021-05-11,East,Senior
C0748,Michelle,Johns,Male,28,2021-05-11,North,Adult
C0749,Cory,Wise,Other,24,2021-05-11,South,Young
C0750,Kyle,Montgomery,Female,25,2021-05-11,West,Young
C0751,Sydney,Koch,Male,22,2021-05-11,North,Young
C0752,Lacey,Luna,Other,35,2025-06-07,South,Adult
C0753,Kirsten,Allen,Female,40,2023-05-10,South,Adult
C0754,Steven,Jordan,Male,63,2021-05-11,North,Senior
C0755,Jonathan,Miller,Other,52,2021-05-11,South,Middle Age
C0756,William,Roach,Female,62,2022-10-03,North,Senior
C0757,Leah,Hill,Other,69,2022-09-08,North,Senior
C0758,Barbara,Hernandez,Female,62,2025-07-09,East,Senior
C0759,Amanda,Johnson,Female,21,2021-05-11,North,Young
C0760,Dana,Brown,Male,67,2021-05-11,West,Senior
C0761,Melissa,Fitzgerald,Male,33,2024-03-09,East,Adult
C0762,Antonio,Jackson,Male,30,2021-05-11,North,Adult
C0763,Rachel,Little,Male,44,2021-05-11,North,Middle Age
C0764,David,Kelley,Male,39,2021-05-11,South,Adult
C0765,Angela,Garcia,Other,60,2021-05-11,North,Middle Age
C0766,Seth,Edwards,Male,44,2021-05-11,South,Middle Age
C0767,Daniel,Gregory,Other,28,2021-05-11,North,Adult
C0768,Gail,Rosales,Female,50,2025-02-07,North,Middle Age
C0769,Renee,Tucker,Female,38,2021-05-11,South,Adult
C0770,Emily,Johnson,Other,31,2021-05-11,West,Adult
C0771,Charlene,Benson,Female,25,2021-05-11,South,Young
C0772,Kenneth,Stuart,Male,24,2021-05-11,East,Young
C0773,Rhonda,Kline,Female,29,2021-05-11,North,Adult
C0774,Vanessa,Martin,Female,59,2021-05-11,East,Middle Age
C0775,Cynthia,Hart,Male,42,2021-05-11,South,Middle Age
C0776,Katherine,Lane,Female,32,2022-07-06,North,Adult
C0777,Anna,Hammond,Other,70,2021-05-11,East,Senior
C0778,Taylor,Hudson,Other,57,2024-05-03,East,Middle Age
C0779,Joshua,Meyer,Male,22,2021-05-11,South,Young
C0780,Breanna,Schroeder,Female,37,2024-08-10,West,Adult
C0781,Latasha,Morales,Male,63,2021-11-11,South,Senior
C0782,Joseph,Logan,Female,24,2021-05-11,East,Young
C0783,Alyssa,Wright,Other,62,2021-05-11,West,Senior
C0784,Angela,Johnson,Other,67,2021-12-12,South,Senior
C0785,Lisa,Richmond,Female,29,2021-11-10,East,Adult
C0786,Patricia,Mccarty,Other,48,2021-05-11,North,Middle Age
C0787,Alicia,Jimenez,Female,19,2024-07-06,West,Young
C0788,Timothy,Scott,Female,50,2024-12-04,South,Middle Age
C0789,Tonya,Sandoval,Other,55,2021-05-11,North,Middle Age
C0790,Julie,Pugh,Male,19,2021-05-11,North,Young
C0791,Brittany,Murray,Female,33,2024-01-11,West,Adult
C0792,Daniel,Haney,Male,57,2021-05-11,North,Middle Age
C0793,Charles,Lee,Male,26,2021-05-11,East,Adult
C0794,Brent,Brown,Female,36,2021-05-11,South,Adult
C0795,Emily,Smith,Male,42,2025-03-04,South,Middle Age
C0796,Jonathan,Gardner,Other,20,2024-08-03,South,Young
C0797,Jordan,Smith,Other,56,2021-05-11,West,Middle Age
C0798,Rachel,Porter,Other,39,2021-12-08,South,Adult
C0799,Jeffrey,Myers,Female,44,2025-12-06,North,Middle Age
